nodes_per_instance,p,exponent,instance_connectivity,simpsons_index,reachability
equal,0.00,1.50,0.10000,0.00000,0.09752
equal,0.00,1.50,0.10000,0.00000,0.09751
equal,0.00,1.50,0.10000,0.00000,0.09750
equal,0.00,1.50,0.10000,0.00000,0.09755
equal,0.00,1.50,0.10000,0.00000,0.09760
equal,0.00,1.88,0.10000,0.00000,0.09549
equal,0.00,1.88,0.10000,0.00000,0.09795
equal,0.00,1.88,0.10000,0.00000,0.09763
equal,0.00,1.88,0.10000,0.00000,0.09747
equal,0.00,1.88,0.10000,0.00000,0.09753
equal,0.00,2.25,0.10000,0.00000,0.09533
equal,0.00,2.25,0.10000,0.00000,0.09112
equal,0.00,2.25,0.10000,0.00000,0.09428
equal,0.00,2.25,0.10000,0.00000,0.09343
equal,0.00,2.25,0.10000,0.00000,0.08748
equal,0.00,2.62,0.10000,0.00000,0.08853
equal,0.00,2.62,0.10000,0.00000,0.08738
equal,0.00,2.62,0.10000,0.00000,0.08965
equal,0.00,2.62,0.10000,0.00000,0.08807
equal,0.00,2.62,0.10000,0.00000,0.09039
equal,0.00,3.00,0.10000,0.00000,0.08639
equal,0.00,3.00,0.10000,0.00000,0.07207
equal,0.00,3.00,0.10000,0.00000,0.09143
equal,0.00,3.00,0.10000,0.00000,0.07813
equal,0.00,3.00,0.10000,0.00000,0.07972
equal,0.05,1.50,0.12675,0.07598,0.99740
equal,0.05,1.50,0.11454,0.04596,0.99745
equal,0.05,1.50,0.12798,0.07564,0.99741
equal,0.05,1.50,0.11671,0.04038,0.80885
equal,0.05,1.50,0.12526,0.06762,0.99742
equal,0.05,1.88,0.11374,0.04136,0.99725
equal,0.05,1.88,0.11842,0.05577,0.99708
equal,0.05,1.88,0.11732,0.05531,0.98610
equal,0.05,1.88,0.11288,0.03842,0.98636
equal,0.05,1.88,0.12306,0.07044,0.97519
equal,0.05,2.25,0.11722,0.05615,0.98497
equal,0.05,2.25,0.11291,0.04191,0.98506
equal,0.05,2.25,0.11310,0.04301,0.95011
equal,0.05,2.25,0.11030,0.02927,0.92579
equal,0.05,2.25,0.10952,0.03051,0.80614
equal,0.05,2.62,0.11129,0.04116,0.78482
equal,0.05,2.62,0.11551,0.05317,0.90454
equal,0.05,2.62,0.11677,0.05827,0.94198
equal,0.05,2.62,0.11389,0.04194,0.87197
equal,0.05,2.62,0.11022,0.03773,0.91831
equal,0.05,3.00,0.11013,0.03993,0.49543
equal,0.05,3.00,0.11262,0.04706,0.80692
equal,0.05,3.00,0.10696,0.02699,0.85737
equal,0.05,3.00,0.11150,0.04098,0.72574
equal,0.05,3.00,0.10929,0.03675,0.41102
equal,0.11,1.50,0.14147,0.11005,0.99738
equal,0.11,1.50,0.14831,0.12193,0.99740
equal,0.11,1.50,0.14630,0.12520,0.99735
equal,0.11,1.50,0.14188,0.10251,0.99738
equal,0.11,1.50,0.14111,0.11363,0.99735
equal,0.11,1.88,0.13702,0.10665,0.98625
equal,0.11,1.88,0.14050,0.11799,0.99721
equal,0.11,1.88,0.14095,0.10994,0.99721
equal,0.11,1.88,0.13268,0.09835,0.99721
equal,0.11,1.88,0.12908,0.08176,0.98647
equal,0.11,2.25,0.12641,0.08480,0.99703
equal,0.11,2.25,0.13134,0.09829,0.98515
equal,0.11,2.25,0.11889,0.05658,0.96426
equal,0.11,2.25,0.12618,0.08208,0.98536
equal,0.11,2.25,0.12455,0.07920,0.95568
equal,0.11,2.62,0.12548,0.08259,0.89184
equal,0.11,2.62,0.12710,0.09122,0.93580
equal,0.11,2.62,0.12773,0.08985,0.88295
equal,0.11,2.62,0.11962,0.07416,0.85719
equal,0.11,2.62,0.12315,0.08092,0.87278
equal,0.11,3.00,0.11458,0.05843,0.76856
equal,0.11,3.00,0.12186,0.08183,0.79141
equal,0.11,3.00,0.11554,0.05780,0.56120
equal,0.11,3.00,0.12376,0.08555,0.82735
equal,0.11,3.00,0.11821,0.06304,0.80376
equal,0.16,1.50,0.16207,0.14842,0.99735
equal,0.16,1.50,0.15881,0.15553,0.99741
equal,0.16,1.50,0.15393,0.15968,0.99729
equal,0.16,1.50,0.14375,0.11289,0.99728
equal,0.16,1.50,0.15366,0.15072,0.98697
equal,0.16,1.88,0.15596,0.16688,0.99723
equal,0.16,1.88,0.15134,0.14410,0.98523
equal,0.16,1.88,0.15175,0.14397,0.95670
equal,0.16,1.88,0.14916,0.14651,0.99721
equal,0.16,1.88,0.14875,0.15000,0.98613
equal,0.16,2.25,0.15479,0.16105,0.98510
equal,0.16,2.25,0.14634,0.14516,0.97278
equal,0.16,2.25,0.13769,0.11323,0.95607
equal,0.16,2.25,0.13584,0.11849,0.91468
equal,0.16,2.25,0.14718,0.14401,0.97351
equal,0.16,2.62,0.12951,0.10879,0.90741
equal,0.16,2.62,0.13552,0.11845,0.95581
equal,0.16,2.62,0.13884,0.12791,0.94876
equal,0.16,2.62,0.13201,0.10003,0.88489
equal,0.16,2.62,0.13613,0.12512,0.89655
equal,0.16,3.00,0.12908,0.10248,0.80535
equal,0.16,3.00,0.12643,0.09680,0.86805
equal,0.16,3.00,0.13758,0.13080,0.83656
equal,0.16,3.00,0.13007,0.10069,0.88310
equal,0.16,3.00,0.13042,0.11234,0.75592
equal,0.21,1.50,0.16878,0.19008,0.99735
equal,0.21,1.50,0.18042,0.20877,0.99739
equal,0.21,1.50,0.17374,0.20251,0.99735
equal,0.21,1.50,0.19680,0.24279,0.99733
equal,0.21,1.50,0.19420,0.23793,0.99736
equal,0.21,1.88,0.17927,0.23168,0.96396
equal,0.21,1.88,0.16541,0.18252,0.97585
equal,0.21,1.88,0.16387,0.18301,0.99711
equal,0.21,1.88,0.16264,0.16984,0.99725
equal,0.21,1.88,0.16232,0.17138,0.99717
equal,0.21,2.25,0.15875,0.16579,0.95026
equal,0.21,2.25,0.15380,0.15613,0.96240
equal,0.21,2.25,0.14458,0.13866,0.96128
equal,0.21,2.25,0.15044,0.14136,0.91736
equal,0.21,2.25,0.15753,0.18309,0.97311
equal,0.21,2.62,0.13962,0.13249,0.90359
equal,0.21,2.62,0.13642,0.12652,0.84982
equal,0.21,2.62,0.14873,0.15833,0.93483
equal,0.21,2.62,0.14226,0.13974,0.86073
equal,0.21,2.62,0.14844,0.15755,0.93563
equal,0.21,3.00,0.14188,0.14698,0.91451
equal,0.21,3.00,0.13612,0.12341,0.88686
equal,0.21,3.00,0.13681,0.13222,0.74866
equal,0.21,3.00,0.14752,0.15890,0.85730
equal,0.21,3.00,0.13696,0.11950,0.82720
equal,0.26,1.50,0.20757,0.26842,0.98654
equal,0.26,1.50,0.18429,0.22996,0.99738
equal,0.26,1.50,0.21289,0.26941,0.97648
equal,0.26,1.50,0.17989,0.21371,0.99735
equal,0.26,1.50,0.19973,0.25147,0.99731
equal,0.26,1.88,0.18678,0.23225,0.99713
equal,0.26,1.88,0.18315,0.22626,0.98602
equal,0.26,1.88,0.17564,0.20907,0.98590
equal,0.26,1.88,0.19315,0.26763,0.99726
equal,0.26,1.88,0.17809,0.21761,0.98602
equal,0.26,2.25,0.17039,0.20592,0.96711
equal,0.26,2.25,0.17669,0.23010,0.98474
equal,0.26,2.25,0.16784,0.20678,0.95098
equal,0.26,2.25,0.17325,0.21697,0.96093
equal,0.26,2.25,0.16667,0.19750,0.97140
equal,0.26,2.62,0.15705,0.19057,0.88875
equal,0.26,2.62,0.16635,0.20268,0.93393
equal,0.26,2.62,0.15919,0.18984,0.88829
equal,0.26,2.62,0.15096,0.16840,0.90329
equal,0.26,2.62,0.15063,0.16653,0.84085
equal,0.26,3.00,0.16291,0.20782,0.90025
equal,0.26,3.00,0.15081,0.17665,0.73906
equal,0.26,3.00,0.15178,0.16295,0.90238
equal,0.26,3.00,0.14947,0.16369,0.82317
equal,0.26,3.00,0.14809,0.16440,0.87389
equal,0.32,1.50,0.20867,0.28963,0.99729
equal,0.32,1.50,0.25576,0.34171,0.99732
equal,0.32,1.50,0.23171,0.31781,0.99729
equal,0.32,1.50,0.22055,0.29862,0.99726
equal,0.32,1.50,0.21557,0.28349,0.99736
equal,0.32,1.88,0.20028,0.27164,0.99718
equal,0.32,1.88,0.19778,0.28589,0.97525
equal,0.32,1.88,0.21211,0.30728,0.99718
equal,0.32,1.88,0.20952,0.26862,0.99720
equal,0.32,1.88,0.19709,0.25929,0.99709
equal,0.32,2.25,0.17898,0.23199,0.92823
equal,0.32,2.25,0.18469,0.25145,0.93919
equal,0.32,2.25,0.17901,0.24494,0.93640
equal,0.32,2.25,0.17812,0.23100,0.94907
equal,0.32,2.25,0.18000,0.22314,0.90843
equal,0.32,2.62,0.16174,0.19260,0.89687
equal,0.32,2.62,0.16967,0.21550,0.96139
equal,0.32,2.62,0.15906,0.20084,0.89888
equal,0.32,2.62,0.17049,0.23183,0.77609
equal,0.32,2.62,0.17129,0.22822,0.89655
equal,0.32,3.00,0.15611,0.18343,0.81528
equal,0.32,3.00,0.16463,0.21427,0.90402
equal,0.32,3.00,0.15066,0.17388,0.87533
equal,0.32,3.00,0.16082,0.20299,0.84541
equal,0.32,3.00,0.16373,0.21287,0.92371
equal,0.37,1.50,0.23614,0.33331,0.98647
equal,0.37,1.50,0.21872,0.31104,0.98610
equal,0.37,1.50,0.22262,0.31967,0.99728
equal,0.37,1.50,0.24832,0.36314,0.99721
equal,0.37,1.50,0.22926,0.32155,0.98676
equal,0.37,1.88,0.19277,0.26879,0.98562
equal,0.37,1.88,0.21595,0.29440,0.99715
equal,0.37,1.88,0.22923,0.32851,0.98574
equal,0.37,1.88,0.22629,0.30962,0.98578
equal,0.37,1.88,0.20657,0.28008,0.98578
equal,0.37,2.25,0.17438,0.22379,0.94162
equal,0.37,2.25,0.19778,0.27796,0.95921
equal,0.37,2.25,0.18723,0.25412,0.97287
equal,0.37,2.25,0.19655,0.29413,0.91731
equal,0.37,2.25,0.18707,0.26784,0.94717
equal,0.37,2.62,0.17608,0.24058,0.88105
equal,0.37,2.62,0.17554,0.23572,0.90183
equal,0.37,2.62,0.17055,0.22823,0.92710
equal,0.37,2.62,0.17664,0.23220,0.90709
equal,0.37,2.62,0.17539,0.23886,0.94108
equal,0.37,3.00,0.17890,0.24265,0.88980
equal,0.37,3.00,0.16733,0.20715,0.80760
equal,0.37,3.00,0.17085,0.22771,0.87871
equal,0.37,3.00,0.17857,0.26031,0.85946
equal,0.37,3.00,0.16937,0.23064,0.84827
equal,0.42,1.50,0.26603,0.39338,0.99726
equal,0.42,1.50,0.24718,0.36519,0.98665
equal,0.42,1.50,0.24772,0.35820,0.99732
equal,0.42,1.50,0.24063,0.33609,0.99736
equal,0.42,1.50,0.26351,0.38434,0.99730
equal,0.42,1.88,0.23175,0.34721,0.97512
equal,0.42,1.88,0.23542,0.34429,0.93295
equal,0.42,1.88,0.23933,0.35156,0.97491
equal,0.42,1.88,0.23483,0.33822,0.96386
equal,0.42,1.88,0.22161,0.32833,0.99712
equal,0.42,2.25,0.21515,0.32579,0.97295
equal,0.42,2.25,0.19009,0.26426,0.94814
equal,0.42,2.25,0.19265,0.27288,0.97149
equal,0.42,2.25,0.23056,0.32787,0.93874
equal,0.42,2.25,0.20579,0.31076,0.94616
equal,0.42,2.62,0.18685,0.27728,0.92887
equal,0.42,2.62,0.19068,0.27633,0.94616
equal,0.42,2.62,0.18497,0.25968,0.84921
equal,0.42,2.62,0.18829,0.26989,0.93760
equal,0.42,2.62,0.17736,0.24676,0.82944
equal,0.42,3.00,0.17674,0.23883,0.90864
equal,0.42,3.00,0.17401,0.24184,0.82787
equal,0.42,3.00,0.18059,0.24584,0.77106
equal,0.42,3.00,0.17946,0.25916,0.87966
equal,0.42,3.00,0.17500,0.25752,0.84182
equal,0.47,1.50,0.23147,0.35780,0.97617
equal,0.47,1.50,0.27952,0.42027,0.99734
equal,0.47,1.50,0.26247,0.39156,0.99726
equal,0.47,1.50,0.28234,0.43239,0.99728
equal,0.47,1.50,0.28005,0.42146,0.99734
equal,0.47,1.88,0.24174,0.36023,0.95997
equal,0.47,1.88,0.24290,0.35966,0.98557
equal,0.47,1.88,0.26275,0.39336,0.98606
equal,0.47,1.88,0.26789,0.40724,0.98598
equal,0.47,1.88,0.23695,0.35626,0.97381
equal,0.47,2.25,0.21935,0.31707,0.97933
equal,0.47,2.25,0.21595,0.32340,0.96057
equal,0.47,2.25,0.22362,0.33523,0.94861
equal,0.47,2.25,0.23119,0.36528,0.97270
equal,0.47,2.25,0.20413,0.30201,0.96546
equal,0.47,2.62,0.18916,0.28153,0.84921
equal,0.47,2.62,0.20223,0.31113,0.91614
equal,0.47,2.62,0.19837,0.29182,0.93919
equal,0.47,2.62,0.18970,0.27751,0.90613
equal,0.47,2.62,0.19864,0.30667,0.89116
equal,0.47,3.00,0.19565,0.30350,0.87075
equal,0.47,3.00,0.18065,0.26914,0.83700
equal,0.47,3.00,0.19037,0.27994,0.94440
equal,0.47,3.00,0.18576,0.27424,0.87596
equal,0.47,3.00,0.18305,0.26343,0.85359
equal,0.53,1.50,0.26685,0.42446,0.98625
equal,0.53,1.50,0.29171,0.43638,0.99733
equal,0.53,1.50,0.28528,0.42665,0.99722
equal,0.53,1.50,0.25994,0.38904,0.98625
equal,0.53,1.50,0.23599,0.37028,0.95929
equal,0.53,1.88,0.24942,0.38408,0.98553
equal,0.53,1.88,0.27167,0.41253,0.99717
equal,0.53,1.88,0.22982,0.36182,0.98545
equal,0.53,1.88,0.24441,0.36458,0.99706
equal,0.53,1.88,0.26387,0.40544,0.99711
equal,0.53,2.25,0.21494,0.33342,0.94565
equal,0.53,2.25,0.22347,0.36560,0.89701
equal,0.53,2.25,0.22710,0.35298,0.98450
equal,0.53,2.25,0.21313,0.33340,0.93555
equal,0.53,2.25,0.22710,0.35280,0.93977
equal,0.53,2.62,0.20660,0.31989,0.90208
equal,0.53,2.62,0.20233,0.29648,0.89329
equal,0.53,2.62,0.20888,0.31277,0.91333
equal,0.53,2.62,0.20337,0.31899,0.93065
equal,0.53,2.62,0.19128,0.28826,0.83044
equal,0.53,3.00,0.19399,0.28787,0.86739
equal,0.53,3.00,0.18265,0.25544,0.81600
equal,0.53,3.00,0.19049,0.29199,0.89404
equal,0.53,3.00,0.19819,0.30778,0.89833
equal,0.53,3.00,0.17591,0.26204,0.66716
equal,0.58,1.50,0.29317,0.46622,0.98640
equal,0.58,1.50,0.29448,0.44977,0.99724
equal,0.58,1.50,0.29178,0.45090,0.99726
equal,0.58,1.50,0.30984,0.46811,0.98640
equal,0.58,1.50,0.27230,0.41472,0.99723
equal,0.58,1.88,0.26324,0.41071,0.99706
equal,0.58,1.88,0.28941,0.45599,0.99706
equal,0.58,1.88,0.26134,0.40560,0.96261
equal,0.58,1.88,0.25331,0.39524,0.98566
equal,0.58,1.88,0.29107,0.45657,0.99712
equal,0.58,2.25,0.22660,0.34807,0.94015
equal,0.58,2.25,0.24359,0.38502,0.95883
equal,0.58,2.25,0.23166,0.36410,0.97202
equal,0.58,2.25,0.23247,0.35890,0.98385
equal,0.58,2.25,0.23758,0.38316,0.95909
equal,0.58,2.62,0.20101,0.31001,0.84848
equal,0.58,2.62,0.21322,0.33588,0.91075
equal,0.58,2.62,0.21453,0.33387,0.92396
equal,0.58,2.62,0.22687,0.35769,0.92996
equal,0.58,2.62,0.20811,0.32502,0.86037
equal,0.58,3.00,0.19228,0.29243,0.86158
equal,0.58,3.00,0.20229,0.32886,0.77475
equal,0.58,3.00,0.20114,0.30798,0.85764
equal,0.58,3.00,0.20105,0.30754,0.91471
equal,0.58,3.00,0.19894,0.30872,0.91356
equal,0.63,1.50,0.32418,0.50950,0.99725
equal,0.63,1.50,0.32534,0.50268,0.99728
equal,0.63,1.50,0.28127,0.45441,0.95918
equal,0.63,1.50,0.30083,0.47323,0.98621
equal,0.63,1.50,0.29548,0.46040,0.98594
equal,0.63,1.88,0.26825,0.42215,0.96185
equal,0.63,1.88,0.27257,0.43310,0.96898
equal,0.63,1.88,0.28006,0.44547,0.99688
equal,0.63,1.88,0.26983,0.43071,0.99713
equal,0.63,1.88,0.26746,0.41803,0.98528
equal,0.63,2.25,0.24322,0.37273,0.98431
equal,0.63,2.25,0.23954,0.37886,0.88910
equal,0.63,2.25,0.24591,0.38587,0.96578
equal,0.63,2.25,0.25903,0.41880,0.97122
equal,0.63,2.25,0.25672,0.39974,0.98369
equal,0.63,2.62,0.24184,0.38916,0.94974
equal,0.63,2.62,0.21616,0.35231,0.82427
equal,0.63,2.62,0.21160,0.33183,0.92980
equal,0.63,2.62,0.22509,0.35446,0.96936
equal,0.63,2.62,0.22330,0.37128,0.94708
equal,0.63,3.00,0.20551,0.34622,0.92442
equal,0.63,3.00,0.20616,0.33500,0.87077
equal,0.63,3.00,0.20956,0.32772,0.89720
equal,0.63,3.00,0.20150,0.31028,0.78444
equal,0.63,3.00,0.20993,0.33111,0.78341
equal,0.68,1.50,0.30441,0.48760,0.98629
equal,0.68,1.50,0.32293,0.50693,0.99724
equal,0.68,1.50,0.34255,0.53451,0.99729
equal,0.68,1.50,0.32394,0.50120,0.99734
equal,0.68,1.50,0.32735,0.49930,0.99724
equal,0.68,1.88,0.30841,0.48518,0.97411
equal,0.68,1.88,0.30607,0.46679,0.98562
equal,0.68,1.88,0.29364,0.45592,0.97419
equal,0.68,1.88,0.30769,0.48642,0.98528
equal,0.68,1.88,0.26647,0.41023,0.97327
equal,0.68,2.25,0.27205,0.43135,0.99689
equal,0.68,2.25,0.25425,0.42030,0.95803
equal,0.68,2.25,0.27013,0.43254,0.95959
equal,0.68,2.25,0.25034,0.41189,0.96946
equal,0.68,2.25,0.27548,0.43222,0.94667
equal,0.68,2.62,0.22873,0.37640,0.96759
equal,0.68,2.62,0.23310,0.36571,0.90833
equal,0.68,2.62,0.21463,0.34471,0.91052
equal,0.68,2.62,0.21590,0.35159,0.89368
equal,0.68,2.62,0.22606,0.35937,0.87426
equal,0.68,3.00,0.22444,0.36973,0.89567
equal,0.68,3.00,0.20330,0.31306,0.87617
equal,0.68,3.00,0.22941,0.36256,0.83564
equal,0.68,3.00,0.21455,0.34602,0.83287
equal,0.68,3.00,0.23571,0.37700,0.89258
equal,0.74,1.50,0.34987,0.54424,0.98686
equal,0.74,1.50,0.30513,0.49806,0.97455
equal,0.74,1.50,0.33654,0.53420,0.99725
equal,0.74,1.50,0.32368,0.50700,0.99721
equal,0.74,1.50,0.35000,0.53070,0.98625
equal,0.74,1.88,0.31532,0.48535,0.98562
equal,0.74,1.88,0.29444,0.47451,0.98464
equal,0.74,1.88,0.27697,0.44882,0.97974
equal,0.74,1.88,0.28876,0.46107,0.96196
equal,0.74,1.88,0.29733,0.47246,0.99703
equal,0.74,2.25,0.26568,0.44018,0.95762
equal,0.74,2.25,0.28426,0.45181,0.98369
equal,0.74,2.25,0.26611,0.43465,0.97036
equal,0.74,2.25,0.28154,0.45188,0.96352
equal,0.74,2.25,0.26600,0.44476,0.97027
equal,0.74,2.62,0.24467,0.40469,0.91607
equal,0.74,2.62,0.23832,0.39825,0.91800
equal,0.74,2.62,0.24420,0.40275,0.90488
equal,0.74,2.62,0.23028,0.36526,0.84832
equal,0.74,2.62,0.23186,0.37769,0.89161
equal,0.74,3.00,0.22481,0.37590,0.85208
equal,0.74,3.00,0.21783,0.36663,0.80572
equal,0.74,3.00,0.20913,0.34463,0.89309
equal,0.74,3.00,0.22266,0.36100,0.85821
equal,0.74,3.00,0.22852,0.37799,0.89014
equal,0.79,1.50,0.34821,0.53617,0.99725
equal,0.79,1.50,0.36488,0.56765,0.99732
equal,0.79,1.50,0.37201,0.57289,0.98647
equal,0.79,1.50,0.30464,0.49418,0.98640
equal,0.79,1.50,0.31065,0.51648,0.99704
equal,0.79,1.88,0.30846,0.49741,0.98497
equal,0.79,1.88,0.30063,0.48438,0.99687
equal,0.79,1.88,0.30207,0.48624,0.99704
equal,0.79,1.88,0.33717,0.52447,0.97366
equal,0.79,1.88,0.31636,0.52357,0.99691
equal,0.79,2.25,0.28049,0.46671,0.99652
equal,0.79,2.25,0.26842,0.44349,0.95776
equal,0.79,2.25,0.28425,0.46331,0.99658
equal,0.79,2.25,0.27583,0.44935,0.96399
equal,0.79,2.25,0.29578,0.47129,0.97103
equal,0.79,2.62,0.23897,0.39644,0.89660
equal,0.79,2.62,0.24281,0.38716,0.85225
equal,0.79,2.62,0.24638,0.41594,0.96064
equal,0.79,2.62,0.22789,0.37366,0.96967
equal,0.79,2.62,0.23826,0.39577,0.77634
equal,0.79,3.00,0.23583,0.40462,0.91918
equal,0.79,3.00,0.23948,0.40095,0.96712
equal,0.79,3.00,0.24217,0.40294,0.98005
equal,0.79,3.00,0.23195,0.37372,0.88001
equal,0.79,3.00,0.22135,0.35534,0.88629
equal,0.84,1.50,0.33583,0.53110,0.98617
equal,0.84,1.50,0.36747,0.58092,0.99731
equal,0.84,1.50,0.34728,0.55556,0.98574
equal,0.84,1.50,0.31433,0.51078,0.98602
equal,0.84,1.50,0.34017,0.53346,0.99719
equal,0.84,1.88,0.29583,0.47594,0.98519
equal,0.84,1.88,0.30528,0.48501,0.99689
equal,0.84,1.88,0.33853,0.51938,0.98536
equal,0.84,1.88,0.30353,0.48497,0.97374
equal,0.84,1.88,0.28697,0.46751,0.97295
equal,0.84,2.25,0.28689,0.46781,0.94519
equal,0.84,2.25,0.27336,0.46100,0.93202
equal,0.84,2.25,0.28013,0.46416,0.92778
equal,0.84,2.25,0.27418,0.43992,0.95169
equal,0.84,2.25,0.26316,0.44090,0.96423
equal,0.84,2.62,0.24981,0.41691,0.90805
equal,0.84,2.62,0.24178,0.39920,0.91635
equal,0.84,2.62,0.25816,0.43669,0.95450
equal,0.84,2.62,0.26084,0.41609,0.95513
equal,0.84,2.62,0.25246,0.41112,0.90066
equal,0.84,3.00,0.22862,0.38638,0.95234
equal,0.84,3.00,0.22137,0.36245,0.85001
equal,0.84,3.00,0.22151,0.37535,0.79348
equal,0.84,3.00,0.23333,0.39464,0.91856
equal,0.84,3.00,0.24082,0.41491,0.85508
equal,0.89,1.50,0.38737,0.59461,0.99731
equal,0.89,1.50,0.31382,0.50297,0.97374
equal,0.89,1.50,0.34677,0.55519,0.98662
equal,0.89,1.50,0.35983,0.55659,0.98048
equal,0.89,1.50,0.33361,0.55477,0.99722
equal,0.89,1.88,0.33514,0.53979,0.98506
equal,0.89,1.88,0.34451,0.54971,0.98523
equal,0.89,1.88,0.32000,0.50827,0.97335
equal,0.89,1.88,0.29566,0.47172,0.96283
equal,0.89,1.88,0.30387,0.49399,0.97122
equal,0.89,2.25,0.29192,0.47646,0.95024
equal,0.89,2.25,0.29459,0.47922,0.95663
equal,0.89,2.25,0.28444,0.47620,0.94467
equal,0.89,2.25,0.29604,0.48195,0.98359
equal,0.89,2.25,0.26645,0.44778,0.93351
equal,0.89,2.62,0.27028,0.43768,0.90141
equal,0.89,2.62,0.25944,0.42901,0.94154
equal,0.89,2.62,0.26667,0.44310,0.94871
equal,0.89,2.62,0.25458,0.42905,0.92469
equal,0.89,2.62,0.25823,0.43004,0.99598
equal,0.89,3.00,0.23864,0.39886,0.90783
equal,0.89,3.00,0.24618,0.40361,0.94082
equal,0.89,3.00,0.24654,0.39476,0.84926
equal,0.89,3.00,0.25521,0.43060,0.92080
equal,0.89,3.00,0.23969,0.39171,0.89806
equal,0.95,1.50,0.38976,0.59753,0.98658
equal,0.95,1.50,0.43095,0.62668,0.99735
equal,0.95,1.50,0.32889,0.52491,0.99722
equal,0.95,1.50,0.36836,0.56719,0.99732
equal,0.95,1.50,0.34345,0.55188,0.99721
equal,0.95,1.88,0.31646,0.49462,0.95405
equal,0.95,1.88,0.32783,0.51518,0.96272
equal,0.95,1.88,0.34568,0.55938,0.98464
equal,0.95,1.88,0.35816,0.55159,0.98523
equal,0.95,1.88,0.32006,0.52196,0.96834
equal,0.95,2.25,0.31160,0.50989,0.95628
equal,0.95,2.25,0.29467,0.47970,0.93780
equal,0.95,2.25,0.28247,0.46268,0.96265
equal,0.95,2.25,0.29290,0.46766,0.94599
equal,0.95,2.25,0.28161,0.46532,0.94411
equal,0.95,2.62,0.27729,0.45969,0.96022
equal,0.95,2.62,0.25540,0.41877,0.83841
equal,0.95,2.62,0.26690,0.42138,0.92754
equal,0.95,2.62,0.25126,0.42146,0.87112
equal,0.95,2.62,0.28056,0.46422,0.95544
equal,0.95,3.00,0.24170,0.40126,0.92816
equal,0.95,3.00,0.24127,0.39611,0.94917
equal,0.95,3.00,0.23019,0.37562,0.88698
equal,0.95,3.00,0.25098,0.41114,0.90464
equal,0.95,3.00,0.23923,0.38802,0.92861
equal,1.00,1.50,0.33736,0.53607,0.98632
equal,1.00,1.50,0.34830,0.55171,0.98586
equal,1.00,1.50,0.33021,0.52268,0.99707
equal,1.00,1.50,0.40290,0.62040,0.98686
equal,1.00,1.50,0.38473,0.59063,0.99712
equal,1.00,1.88,0.35710,0.54257,0.99704
equal,1.00,1.88,0.33785,0.53548,0.99692
equal,1.00,1.88,0.33451,0.53849,0.97366
equal,1.00,1.88,0.33799,0.52780,0.98488
equal,1.00,1.88,0.35532,0.54783,0.98488
equal,1.00,2.25,0.28638,0.46992,0.93156
equal,1.00,2.25,0.29755,0.48113,0.96882
equal,1.00,2.25,0.30063,0.47656,0.97194
equal,1.00,2.25,0.30098,0.48874,0.92663
equal,1.00,2.25,0.27993,0.45540,0.92592
equal,1.00,2.62,0.27575,0.45366,0.90906
equal,1.00,2.62,0.27585,0.44984,0.91529
equal,1.00,2.62,0.25481,0.40260,0.90971
equal,1.00,2.62,0.29152,0.47737,0.95466
equal,1.00,2.62,0.26852,0.43503,0.95251
equal,1.00,3.00,0.25685,0.42619,0.95501
equal,1.00,3.00,0.24819,0.40501,0.91760
equal,1.00,3.00,0.22724,0.37193,0.87617
equal,1.00,3.00,0.24221,0.39981,0.84692
equal,1.00,3.00,0.24314,0.39380,0.88252
expon,0.00,1.50,0.10000,0.00000,0.12126
expon,0.00,1.50,0.10000,0.00000,0.12196
expon,0.00,1.50,0.10000,0.00000,0.12071
expon,0.00,1.50,0.10000,0.00000,0.11830
expon,0.00,1.50,0.10000,0.00000,0.11865
expon,0.00,1.88,0.10000,0.00000,0.11765
expon,0.00,1.88,0.10000,0.00000,0.11764
expon,0.00,1.88,0.10000,0.00000,0.11977
expon,0.00,1.88,0.10000,0.00000,0.11729
expon,0.00,1.88,0.10000,0.00000,0.11489
expon,0.00,2.25,0.10000,0.00000,0.11551
expon,0.00,2.25,0.10000,0.00000,0.12191
expon,0.00,2.25,0.10000,0.00000,0.10843
expon,0.00,2.25,0.10000,0.00000,0.12068
expon,0.00,2.25,0.10000,0.00000,0.11551
expon,0.00,2.62,0.10000,0.00000,0.10761
expon,0.00,2.62,0.10000,0.00000,0.09667
expon,0.00,2.62,0.10000,0.00000,0.09708
expon,0.00,2.62,0.10000,0.00000,0.10290
expon,0.00,2.62,0.10000,0.00000,0.10694
expon,0.00,3.00,0.10000,0.00000,0.09720
expon,0.00,3.00,0.10000,0.00000,0.11659
expon,0.00,3.00,0.10000,0.00000,0.08464
expon,0.00,3.00,0.10000,0.00000,0.10869
expon,0.00,3.00,0.10000,0.00000,0.10581
expon,0.05,1.50,0.13219,0.08600,0.94598
expon,0.05,1.50,0.12098,0.05542,0.99741
expon,0.05,1.50,0.12941,0.07231,0.99733
expon,0.05,1.50,0.11868,0.05958,0.91190
expon,0.05,1.50,0.11522,0.04578,0.95125
expon,0.05,1.88,0.11377,0.03730,0.99725
expon,0.05,1.88,0.11743,0.05092,0.98015
expon,0.05,1.88,0.11181,0.03762,0.98632
expon,0.05,1.88,0.11676,0.04095,0.94819
expon,0.05,1.88,0.11301,0.04092,0.99729
expon,0.05,2.25,0.11215,0.04367,0.94180
expon,0.05,2.25,0.11319,0.03652,0.95461
expon,0.05,2.25,0.11254,0.03993,0.90124
expon,0.05,2.25,0.11068,0.03281,0.96185
expon,0.05,2.25,0.11311,0.03880,0.90811
expon,0.05,2.62,0.10961,0.03066,0.82641
expon,0.05,2.62,0.11022,0.03580,0.76081
expon,0.05,2.62,0.11122,0.04059,0.63638
expon,0.05,2.62,0.11038,0.03963,0.83078
expon,0.05,2.62,0.11073,0.03844,0.75248
expon,0.05,3.00,0.11362,0.05111,0.77876
expon,0.05,3.00,0.11071,0.04080,0.49247
expon,0.05,3.00,0.11031,0.03755,0.72094
expon,0.05,3.00,0.10984,0.03620,0.76971
expon,0.05,3.00,0.10812,0.02931,0.37172
expon,0.11,1.50,0.13289,0.09019,0.93493
expon,0.11,1.50,0.14080,0.09659,0.95558
expon,0.11,1.50,0.13256,0.09501,0.99742
expon,0.11,1.50,0.12708,0.07952,0.91753
expon,0.11,1.50,0.13731,0.10177,0.99741
expon,0.11,1.88,0.12451,0.07535,0.92158
expon,0.11,1.88,0.13573,0.10320,0.98621
expon,0.11,1.88,0.13059,0.09285,0.97470
expon,0.11,1.88,0.13671,0.10121,0.99711
expon,0.11,1.88,0.13618,0.10045,0.99715
expon,0.11,2.25,0.13856,0.12242,0.89944
expon,0.11,2.25,0.12409,0.08067,0.94302
expon,0.11,2.25,0.12796,0.09204,0.97287
expon,0.11,2.25,0.12883,0.09702,0.91544
expon,0.11,2.25,0.12657,0.08235,0.97335
expon,0.11,2.62,0.12194,0.07424,0.88201
expon,0.11,2.62,0.12040,0.08046,0.86171
expon,0.11,2.62,0.12657,0.09075,0.90475
expon,0.11,2.62,0.12048,0.07637,0.84036
expon,0.11,2.62,0.12567,0.08669,0.89327
expon,0.11,3.00,0.12349,0.08024,0.87434
expon,0.11,3.00,0.11589,0.06307,0.71242
expon,0.11,3.00,0.12059,0.06932,0.76629
expon,0.11,3.00,0.11600,0.05939,0.69978
expon,0.11,3.00,0.11307,0.04928,0.75403
expon,0.16,1.50,0.15658,0.15915,0.99737
expon,0.16,1.50,0.17391,0.19436,0.99728
expon,0.16,1.50,0.17016,0.19010,0.99738
expon,0.16,1.50,0.14565,0.12677,0.99736
expon,0.16,1.50,0.16000,0.17160,0.99737
expon,0.16,1.88,0.15354,0.16604,0.98031
expon,0.16,1.88,0.15892,0.15985,0.99717
expon,0.16,1.88,0.15824,0.15688,0.99716
expon,0.16,1.88,0.14618,0.13739,0.98590
expon,0.16,1.88,0.15581,0.15107,0.99717
expon,0.16,2.25,0.14592,0.13724,0.98497
expon,0.16,2.25,0.14590,0.13476,0.99696
expon,0.16,2.25,0.13508,0.11468,0.88987
expon,0.16,2.25,0.13882,0.12806,0.91218
expon,0.16,2.25,0.14177,0.12518,0.93135
expon,0.16,2.62,0.13397,0.10621,0.94633
expon,0.16,2.62,0.13497,0.11037,0.90154
expon,0.16,2.62,0.13657,0.12873,0.90849
expon,0.16,2.62,0.13421,0.11537,0.89456
expon,0.16,2.62,0.12615,0.07944,0.89539
expon,0.16,3.00,0.12890,0.11062,0.68333
expon,0.16,3.00,0.13082,0.11545,0.87037
expon,0.16,3.00,0.12945,0.10763,0.70077
expon,0.16,3.00,0.12590,0.09924,0.83421
expon,0.16,3.00,0.12550,0.09808,0.72205
expon,0.21,1.50,0.16962,0.18897,0.99731
expon,0.21,1.50,0.20968,0.25530,0.99731
expon,0.21,1.50,0.19921,0.24287,0.98683
expon,0.21,1.50,0.19189,0.24384,0.99730
expon,0.21,1.50,0.20786,0.23684,0.99729
expon,0.21,1.88,0.15499,0.16396,0.99715
expon,0.21,1.88,0.17749,0.21038,0.99715
expon,0.21,1.88,0.16271,0.18406,0.98594
expon,0.21,1.88,0.17130,0.19515,0.98557
expon,0.21,1.88,0.16848,0.19701,0.98574
expon,0.21,2.25,0.15361,0.15540,0.97311
expon,0.21,2.25,0.14894,0.15000,0.91392
expon,0.21,2.25,0.14907,0.15133,0.96033
expon,0.21,2.25,0.15937,0.17117,0.98445
expon,0.21,2.25,0.15793,0.17597,0.85909
expon,0.21,2.62,0.15033,0.17362,0.92544
expon,0.21,2.62,0.13703,0.13107,0.85125
expon,0.21,2.62,0.15472,0.17370,0.95348
expon,0.21,2.62,0.14254,0.14609,0.89225
expon,0.21,2.62,0.14603,0.15651,0.82667
expon,0.21,3.00,0.14488,0.16088,0.82835
expon,0.21,3.00,0.13973,0.14291,0.84270
expon,0.21,3.00,0.13993,0.13960,0.78536
expon,0.21,3.00,0.14384,0.15016,0.79051
expon,0.21,3.00,0.14509,0.15774,0.77829
expon,0.26,1.50,0.17663,0.21309,0.95440
expon,0.26,1.50,0.18027,0.22008,0.99733
expon,0.26,1.50,0.18522,0.23974,0.99731
expon,0.26,1.50,0.20716,0.26568,0.99725
expon,0.26,1.50,0.18504,0.24014,0.99738
expon,0.26,1.88,0.17052,0.19949,0.98562
expon,0.26,1.88,0.18319,0.23749,0.98532
expon,0.26,1.88,0.18192,0.21377,0.99718
expon,0.26,1.88,0.18045,0.22034,0.97470
expon,0.26,1.88,0.18555,0.23655,0.97419
expon,0.26,2.25,0.16130,0.20290,0.97237
expon,0.26,2.25,0.16224,0.19271,0.97303
expon,0.26,2.25,0.17052,0.21577,0.98488
expon,0.26,2.25,0.17484,0.22091,0.93515
expon,0.26,2.25,0.16458,0.19704,0.93535
expon,0.26,2.62,0.15124,0.17232,0.83128
expon,0.26,2.62,0.15147,0.17667,0.87729
expon,0.26,2.62,0.15481,0.18592,0.93393
expon,0.26,2.62,0.15065,0.16288,0.92060
expon,0.26,2.62,0.14054,0.14036,0.82935
expon,0.26,3.00,0.14900,0.17051,0.71493
expon,0.26,3.00,0.14161,0.14401,0.84879
expon,0.26,3.00,0.15065,0.16444,0.85946
expon,0.26,3.00,0.14881,0.17499,0.79712
expon,0.26,3.00,0.13852,0.14544,0.67617
expon,0.32,1.50,0.18636,0.25797,0.99733
expon,0.32,1.50,0.20658,0.28731,0.99726
expon,0.32,1.50,0.22873,0.31453,0.99724
expon,0.32,1.50,0.19704,0.26514,0.99730
expon,0.32,1.50,0.17926,0.23204,0.98676
expon,0.32,1.88,0.18850,0.24936,0.99705
expon,0.32,1.88,0.20621,0.27309,0.99704
expon,0.32,1.88,0.18867,0.25560,0.97532
expon,0.32,1.88,0.18847,0.24723,0.99712
expon,0.32,1.88,0.18258,0.24036,0.95307
expon,0.32,2.25,0.17337,0.23366,0.93613
expon,0.32,2.25,0.17430,0.21719,0.95419
expon,0.32,2.25,0.18111,0.21855,0.91424
expon,0.32,2.25,0.17360,0.21874,0.92404
expon,0.32,2.25,0.16746,0.20441,0.94419
expon,0.32,2.62,0.15993,0.19265,0.95748
expon,0.32,2.62,0.16733,0.20487,0.91853
expon,0.32,2.62,0.17042,0.22470,0.89083
expon,0.32,2.62,0.16068,0.20850,0.84732
expon,0.32,2.62,0.16599,0.20305,0.81175
expon,0.32,3.00,0.14896,0.16999,0.77554
expon,0.32,3.00,0.15000,0.17323,0.87513
expon,0.32,3.00,0.15468,0.18021,0.81188
expon,0.32,3.00,0.15709,0.20738,0.76559
expon,0.32,3.00,0.15638,0.18616,0.86124
expon,0.37,1.50,0.21671,0.29688,0.97592
expon,0.37,1.50,0.22554,0.33032,0.99731
expon,0.37,1.50,0.23369,0.33841,0.98658
expon,0.37,1.50,0.19807,0.28773,0.97539
expon,0.37,1.50,0.19917,0.28378,0.99724
expon,0.37,1.88,0.22206,0.30603,0.99706
expon,0.37,1.88,0.18754,0.25042,0.98557
expon,0.37,1.88,0.22303,0.30951,0.97396
expon,0.37,1.88,0.20317,0.28830,0.99712
expon,0.37,1.88,0.19882,0.28421,0.97358
expon,0.37,2.25,0.18125,0.25272,0.95377
expon,0.37,2.25,0.18405,0.25355,0.95461
expon,0.37,2.25,0.19751,0.27561,0.95391
expon,0.37,2.25,0.18136,0.24931,0.98528
expon,0.37,2.25,0.19054,0.28048,0.98431
expon,0.37,2.62,0.17614,0.24503,0.92640
expon,0.37,2.62,0.16568,0.21602,0.88813
expon,0.37,2.62,0.16546,0.21550,0.91958
expon,0.37,2.62,0.19119,0.28400,0.90427
expon,0.37,2.62,0.17837,0.24947,0.91346
expon,0.37,3.00,0.16780,0.21829,0.85373
expon,0.37,3.00,0.15139,0.17747,0.79379
expon,0.37,3.00,0.16982,0.24814,0.86175
expon,0.37,3.00,0.16952,0.22782,0.85215
expon,0.37,3.00,0.15347,0.18098,0.78197
expon,0.42,1.50,0.26562,0.40249,0.99738
expon,0.42,1.50,0.22398,0.33530,0.99728
expon,0.42,1.50,0.26158,0.39022,0.98644
expon,0.42,1.50,0.27698,0.40815,0.99735
expon,0.42,1.50,0.22527,0.32758,0.97546
expon,0.42,1.88,0.24406,0.37400,0.98557
expon,0.42,1.88,0.23314,0.34401,0.95620
expon,0.42,1.88,0.22604,0.31954,0.98528
expon,0.42,1.88,0.24017,0.36415,0.97455
expon,0.42,1.88,0.20140,0.28770,0.98610
expon,0.42,2.25,0.19214,0.27531,0.99686
expon,0.42,2.25,0.19701,0.27863,0.94403
expon,0.42,2.25,0.20878,0.29722,0.97202
expon,0.42,2.25,0.21032,0.31273,0.98532
expon,0.42,2.25,0.18436,0.25757,0.90176
expon,0.42,2.62,0.17199,0.24608,0.82775
expon,0.42,2.62,0.19178,0.28049,0.91333
expon,0.42,2.62,0.18200,0.25553,0.93133
expon,0.42,2.62,0.16644,0.21614,0.91725
expon,0.42,2.62,0.18290,0.26260,0.89663
expon,0.42,3.00,0.18043,0.25073,0.92549
expon,0.42,3.00,0.16807,0.22333,0.83597
expon,0.42,3.00,0.17398,0.25931,0.79991
expon,0.42,3.00,0.17097,0.24238,0.87884
expon,0.42,3.00,0.17572,0.25887,0.83105
expon,0.47,1.50,0.25263,0.38043,0.96982
expon,0.47,1.50,0.23198,0.35433,0.98651
expon,0.47,1.50,0.25586,0.38511,0.99728
expon,0.47,1.50,0.28468,0.42981,0.99731
expon,0.47,1.50,0.28470,0.42603,0.99727
expon,0.47,1.88,0.21514,0.33120,0.97448
expon,0.47,1.88,0.23249,0.35657,0.99718
expon,0.47,1.88,0.23333,0.36468,0.99708
expon,0.47,1.88,0.23372,0.36100,0.98566
expon,0.47,1.88,0.24524,0.37413,0.99702
expon,0.47,2.25,0.21093,0.32663,0.95870
expon,0.47,2.25,0.19263,0.29800,0.98406
expon,0.47,2.25,0.21529,0.31593,0.98416
expon,0.47,2.25,0.21682,0.33182,0.99688
expon,0.47,2.25,0.20867,0.30640,0.96021
expon,0.47,2.62,0.18815,0.26709,0.89512
expon,0.47,2.62,0.18614,0.24736,0.90673
expon,0.47,2.62,0.18615,0.27231,0.86667
expon,0.47,2.62,0.18188,0.26137,0.88622
expon,0.47,2.62,0.19258,0.28012,0.90887
expon,0.47,3.00,0.17684,0.25284,0.88785
expon,0.47,3.00,0.18419,0.27976,0.84531
expon,0.47,3.00,0.18214,0.25229,0.84610
expon,0.47,3.00,0.18026,0.25945,0.94582
expon,0.47,3.00,0.17673,0.25763,0.76562
expon,0.53,1.50,0.26861,0.41984,0.99722
expon,0.53,1.50,0.24858,0.38261,0.98586
expon,0.53,1.50,0.24874,0.39229,0.98606
expon,0.53,1.50,0.26423,0.42516,0.99729
expon,0.53,1.50,0.24986,0.39586,0.94899
expon,0.53,1.88,0.24261,0.38296,0.97411
expon,0.53,1.88,0.26441,0.41727,0.98594
expon,0.53,1.88,0.26154,0.40800,0.99715
expon,0.53,1.88,0.24145,0.37748,0.99710
expon,0.53,1.88,0.25783,0.40507,0.97908
expon,0.53,2.25,0.22323,0.35703,0.98395
expon,0.53,2.25,0.22701,0.35060,0.97131
expon,0.53,2.25,0.21514,0.34337,0.95947
expon,0.53,2.25,0.21661,0.33939,0.93919
expon,0.53,2.25,0.21108,0.33754,0.91654
expon,0.53,2.62,0.19859,0.29539,0.88729
expon,0.53,2.62,0.20101,0.29280,0.92421
expon,0.53,2.62,0.18153,0.26702,0.83082
expon,0.53,2.62,0.19256,0.28450,0.93338
expon,0.53,2.62,0.20712,0.31713,0.93028
expon,0.53,3.00,0.19057,0.27584,0.76400
expon,0.53,3.00,0.20000,0.31057,0.78912
expon,0.53,3.00,0.17956,0.25463,0.82290
expon,0.53,3.00,0.19059,0.28857,0.84983
expon,0.53,3.00,0.19640,0.30498,0.83841
expon,0.58,1.50,0.27242,0.43749,0.98613
expon,0.58,1.50,0.27885,0.42845,0.98632
expon,0.58,1.50,0.24942,0.41191,0.97419
expon,0.58,1.50,0.30606,0.47214,0.99725
expon,0.58,1.50,0.31413,0.48131,0.99733
expon,0.58,1.88,0.24665,0.39550,0.96524
expon,0.58,1.88,0.24066,0.38479,0.94952
expon,0.58,1.88,0.26076,0.41459,0.96261
expon,0.58,1.88,0.26170,0.40802,0.99696
expon,0.58,1.88,0.24925,0.40032,0.94967
expon,0.58,2.25,0.22492,0.35715,0.96997
expon,0.58,2.25,0.22045,0.35043,0.95199
expon,0.58,2.25,0.23523,0.37615,0.98331
expon,0.58,2.25,0.23706,0.39037,0.94034
expon,0.58,2.25,0.21429,0.33751,0.89844
expon,0.58,2.62,0.19966,0.30649,0.90955
expon,0.58,2.62,0.20347,0.31580,0.88896
expon,0.58,2.62,0.21429,0.33895,0.91880
expon,0.58,2.62,0.20275,0.30519,0.85797
expon,0.58,2.62,0.20510,0.33173,0.89754
expon,0.58,3.00,0.18993,0.28000,0.84504
expon,0.58,3.00,0.19534,0.29965,0.89220
expon,0.58,3.00,0.19358,0.30294,0.83096
expon,0.58,3.00,0.18901,0.28469,0.73233
expon,0.58,3.00,0.19590,0.30263,0.85334
expon,0.63,1.50,0.28603,0.46578,0.99726
expon,0.63,1.50,0.27934,0.45032,0.95918
expon,0.63,1.50,0.26580,0.44603,0.99713
expon,0.63,1.50,0.31671,0.50738,0.99721
expon,0.63,1.50,0.31237,0.48473,0.99731
expon,0.63,1.88,0.25939,0.43324,0.98492
expon,0.63,1.88,0.28029,0.44190,0.99710
expon,0.63,1.88,0.26879,0.43950,0.97302
expon,0.63,1.88,0.25092,0.39830,0.97262
expon,0.63,1.88,0.25727,0.40718,0.96105
expon,0.63,2.25,0.22124,0.35563,0.98375
expon,0.63,2.25,0.24038,0.37950,0.90943
expon,0.63,2.25,0.23682,0.38565,0.95663
expon,0.63,2.25,0.24065,0.38228,0.93351
expon,0.63,2.25,0.23016,0.38094,0.97167
expon,0.63,2.62,0.22619,0.35582,0.96967
expon,0.63,2.62,0.21765,0.36404,0.91560
expon,0.63,2.62,0.19931,0.31611,0.88926
expon,0.63,2.62,0.21246,0.33301,0.93548
expon,0.63,2.62,0.23003,0.36514,0.93634
expon,0.63,3.00,0.20311,0.32871,0.84004
expon,0.63,3.00,0.19853,0.31595,0.91741
expon,0.63,3.00,0.20842,0.33778,0.92110
expon,0.63,3.00,0.20847,0.33737,0.88671
expon,0.63,3.00,0.21082,0.33696,0.87394
expon,0.68,1.50,0.32045,0.50685,0.98606
expon,0.68,1.50,0.27555,0.44582,0.99725
expon,0.68,1.50,0.31377,0.48980,0.98629
expon,0.68,1.50,0.25541,0.41499,0.98654
expon,0.68,1.50,0.31994,0.52370,0.98621
expon,0.68,1.88,0.27275,0.44685,0.96940
expon,0.68,1.88,0.28974,0.45255,0.98541
expon,0.68,1.88,0.24669,0.39964,0.97311
expon,0.68,1.88,0.28713,0.46317,0.98545
expon,0.68,1.88,0.29384,0.46264,0.95089
expon,0.68,2.25,0.24613,0.38999,0.95677
expon,0.68,2.25,0.23706,0.38532,0.94650
expon,0.68,2.25,0.26920,0.44022,0.96915
expon,0.68,2.25,0.24235,0.40218,0.95816
expon,0.68,2.25,0.23935,0.39750,0.96491
expon,0.68,2.62,0.22459,0.36979,0.88271
expon,0.68,2.62,0.23600,0.38627,0.96050
expon,0.68,2.62,0.22607,0.38020,0.91972
expon,0.68,2.62,0.22401,0.37279,0.92627
expon,0.68,2.62,0.23112,0.37158,0.95513
expon,0.68,3.00,0.20746,0.34802,0.84632
expon,0.68,3.00,0.20830,0.34436,0.88470
expon,0.68,3.00,0.20450,0.31178,0.78876
expon,0.68,3.00,0.20605,0.32029,0.83370
expon,0.68,3.00,0.21365,0.34845,0.94555
expon,0.74,1.50,0.28104,0.46555,0.96465
expon,0.74,1.50,0.32157,0.52601,0.99720
expon,0.74,1.50,0.28017,0.45369,0.97396
expon,0.74,1.50,0.30919,0.50502,0.99721
expon,0.74,1.50,0.34429,0.54515,0.98613
expon,0.74,1.88,0.31331,0.50102,0.98528
expon,0.74,1.88,0.28928,0.45350,0.97411
expon,0.74,1.88,0.29695,0.46915,0.96081
expon,0.74,1.88,0.28459,0.46755,0.98497
expon,0.74,1.88,0.28400,0.45475,0.96045
expon,0.74,2.25,0.25876,0.40824,0.96265
expon,0.74,2.25,0.24951,0.41113,0.95184
expon,0.74,2.25,0.24652,0.42481,0.95934
expon,0.74,2.25,0.24605,0.38954,0.96423
expon,0.74,2.25,0.25374,0.43398,0.96967
expon,0.74,2.62,0.22057,0.37020,0.92028
expon,0.74,2.62,0.21697,0.33924,0.89823
expon,0.74,2.62,0.23110,0.37253,0.92055
expon,0.74,2.62,0.22553,0.37122,0.91346
expon,0.74,2.62,0.23562,0.39458,0.96946
expon,0.74,3.00,0.20775,0.32989,0.78817
expon,0.74,3.00,0.21722,0.35801,0.87617
expon,0.74,3.00,0.20444,0.32799,0.90971
expon,0.74,3.00,0.21776,0.36144,0.88415
expon,0.74,3.00,0.21496,0.34446,0.91800
expon,0.79,1.50,0.33259,0.53629,0.98613
expon,0.79,1.50,0.29397,0.48336,0.96304
expon,0.79,1.50,0.27514,0.45200,0.98594
expon,0.79,1.50,0.30302,0.49952,0.99725
expon,0.79,1.50,0.28842,0.47980,0.99718
expon,0.79,1.88,0.31424,0.51708,0.99684
expon,0.79,1.88,0.29640,0.48432,0.96139
expon,0.79,1.88,0.29224,0.49308,0.96750
expon,0.79,1.88,0.29853,0.50213,0.95083
expon,0.79,1.88,0.30386,0.48782,0.98523
expon,0.79,2.25,0.28194,0.46425,0.94404
expon,0.79,2.25,0.26358,0.42974,0.93820
expon,0.79,2.25,0.25117,0.41316,0.91854
expon,0.79,2.25,0.26555,0.43454,0.93111
expon,0.79,2.25,0.27632,0.46593,0.97065
expon,0.79,2.62,0.25302,0.41820,0.98231
expon,0.79,2.62,0.23370,0.39046,0.91068
expon,0.79,2.62,0.23576,0.39284,0.90210
expon,0.79,2.62,0.24200,0.40234,0.93133
expon,0.79,2.62,0.22621,0.37310,0.90273
expon,0.79,3.00,0.21165,0.34766,0.78444
expon,0.79,3.00,0.21434,0.34826,0.82708
expon,0.79,3.00,0.21673,0.34492,0.86887
expon,0.79,3.00,0.22576,0.35315,0.83721
expon,0.79,3.00,0.22177,0.36708,0.91727
expon,0.84,1.50,0.32472,0.52542,0.98602
expon,0.84,1.50,0.32323,0.52970,0.99717
expon,0.84,1.50,0.33536,0.54317,0.98625
expon,0.84,1.50,0.30168,0.50143,0.97505
expon,0.84,1.50,0.30112,0.50375,0.97498
expon,0.84,1.88,0.30031,0.50052,0.97270
expon,0.84,1.88,0.30735,0.48414,0.98536
expon,0.84,1.88,0.29097,0.47459,0.97220
expon,0.84,1.88,0.31832,0.52239,0.98506
expon,0.84,1.88,0.30497,0.50112,0.98455
expon,0.84,2.25,0.28203,0.46636,0.95803
expon,0.84,2.25,0.26323,0.42891,0.92925
expon,0.84,2.25,0.26622,0.45045,0.99662
expon,0.84,2.25,0.27213,0.44139,0.95796
expon,0.84,2.25,0.26804,0.43840,0.95599
expon,0.84,2.62,0.23169,0.37330,0.86139
expon,0.84,2.62,0.24488,0.39156,0.92729
expon,0.84,2.62,0.25128,0.41684,0.92469
expon,0.84,2.62,0.23118,0.38529,0.94010
expon,0.84,2.62,0.23369,0.39032,0.87884
expon,0.84,3.00,0.22320,0.36799,0.85805
expon,0.84,3.00,0.22444,0.37699,0.96700
expon,0.84,3.00,0.23705,0.40347,0.88059
expon,0.84,3.00,0.22594,0.37102,0.95918
expon,0.84,3.00,0.22907,0.37129,0.93531
expon,0.89,1.50,0.36056,0.57612,0.99718
expon,0.89,1.50,0.33029,0.54900,0.99714
expon,0.89,1.50,0.33228,0.53116,0.98566
expon,0.89,1.50,0.33602,0.52656,0.98566
expon,0.89,1.50,0.32807,0.54115,0.98644
expon,0.89,1.88,0.28651,0.47240,0.97963
expon,0.89,1.88,0.29242,0.46607,0.99708
expon,0.89,1.88,0.30369,0.49448,0.98469
expon,0.89,1.88,0.32523,0.52938,0.98506
expon,0.89,1.88,0.28094,0.45969,0.97381
expon,0.89,2.25,0.28328,0.46907,0.94174
expon,0.89,2.25,0.28344,0.46437,0.96399
expon,0.89,2.25,0.26357,0.43864,0.99656
expon,0.89,2.25,0.25709,0.42820,0.92712
expon,0.89,2.25,0.27401,0.44944,0.98364
expon,0.89,2.62,0.24982,0.41918,0.95402
expon,0.89,2.62,0.23260,0.39276,0.88991
expon,0.89,2.62,0.23438,0.41510,0.77124
expon,0.89,2.62,0.25884,0.43005,0.96782
expon,0.89,2.62,0.24894,0.40596,0.84817
expon,0.89,3.00,0.23038,0.39182,0.92127
expon,0.89,3.00,0.21875,0.35940,0.80198
expon,0.89,3.00,0.21311,0.34376,0.85451
expon,0.89,3.00,0.23135,0.38198,0.91122
expon,0.89,3.00,0.22768,0.36620,0.88912
expon,0.95,1.50,0.33661,0.55128,0.99727
expon,0.95,1.50,0.33132,0.54115,0.97007
expon,0.95,1.50,0.37437,0.59380,0.99718
expon,0.95,1.50,0.34155,0.54729,0.95756
expon,0.95,1.50,0.35847,0.58848,0.99727
expon,0.95,1.88,0.30395,0.50937,0.98488
expon,0.95,1.88,0.31574,0.52409,0.95433
expon,0.95,1.88,0.30751,0.51227,0.98506
expon,0.95,1.88,0.30623,0.50250,0.99703
expon,0.95,1.88,0.30469,0.50796,0.97211
expon,0.95,2.25,0.27774,0.47125,0.97624
expon,0.95,2.25,0.27754,0.46004,0.91445
expon,0.95,2.25,0.26897,0.44415,0.95584
expon,0.95,2.25,0.27781,0.45623,0.94459
expon,0.95,2.25,0.25714,0.42117,0.97036
expon,0.95,2.62,0.26642,0.43586,0.93699
expon,0.95,2.62,0.22879,0.39117,0.88328
expon,0.95,2.62,0.25000,0.41839,0.89866
expon,0.95,2.62,0.24322,0.40312,0.92469
expon,0.95,2.62,0.24311,0.40929,0.90707
expon,0.95,3.00,0.22129,0.36527,0.92534
expon,0.95,3.00,0.23036,0.38035,0.93262
expon,0.95,3.00,0.23098,0.37830,0.93456
expon,0.95,3.00,0.22529,0.37960,0.91272
expon,0.95,3.00,0.22510,0.36912,0.83909
expon,1.00,1.50,0.37744,0.59131,0.99721
expon,1.00,1.50,0.35537,0.55070,0.99718
expon,1.00,1.50,0.32885,0.53647,0.97498
expon,1.00,1.50,0.32384,0.54760,0.99709
expon,1.00,1.50,0.37676,0.59229,0.99730
expon,1.00,1.88,0.33776,0.53206,0.98497
expon,1.00,1.88,0.27524,0.44960,0.98421
expon,1.00,1.88,0.32921,0.52264,0.97167
expon,1.00,1.88,0.29088,0.47163,0.94907
expon,1.00,1.88,0.30151,0.50774,0.96128
expon,1.00,2.25,0.26082,0.43743,0.94260
expon,1.00,2.25,0.25523,0.40965,0.96782
expon,1.00,2.25,0.25261,0.42747,0.95529
expon,1.00,2.25,0.28033,0.47173,0.97027
expon,1.00,2.25,0.27424,0.46444,0.96977
expon,1.00,2.62,0.26090,0.42480,0.88055
expon,1.00,2.62,0.26870,0.44997,0.96600
expon,1.00,2.62,0.24906,0.41444,0.90165
expon,1.00,2.62,0.24982,0.40113,0.95268
expon,1.00,2.62,0.26568,0.44370,0.92414
expon,1.00,3.00,0.21399,0.35100,0.89996
expon,1.00,3.00,0.23618,0.39408,0.88591
expon,1.00,3.00,0.23885,0.39224,0.96574
expon,1.00,3.00,0.24521,0.39386,0.95090
expon,1.00,3.00,0.22727,0.36725,0.89195
pwrlaw,0.00,1.50,0.10000,0.00000,0.38017
pwrlaw,0.00,1.50,0.10000,0.00000,0.36543
pwrlaw,0.00,1.50,0.10000,0.00000,0.37132
pwrlaw,0.00,1.50,0.10000,0.00000,0.35174
pwrlaw,0.00,1.50,0.10000,0.00000,0.36586
pwrlaw,0.00,1.88,0.10000,0.00000,0.34141
pwrlaw,0.00,1.88,0.10000,0.00000,0.36617
pwrlaw,0.00,1.88,0.10000,0.00000,0.34914
pwrlaw,0.00,1.88,0.10000,0.00000,0.34410
pwrlaw,0.00,1.88,0.10000,0.00000,0.38214
pwrlaw,0.00,2.25,0.10000,0.00000,0.35532
pwrlaw,0.00,2.25,0.10000,0.00000,0.33764
pwrlaw,0.00,2.25,0.10000,0.00000,0.33661
pwrlaw,0.00,2.25,0.10000,0.00000,0.34106
pwrlaw,0.00,2.25,0.10000,0.00000,0.35542
pwrlaw,0.00,2.62,0.10000,0.00000,0.30550
pwrlaw,0.00,2.62,0.10000,0.00000,0.30811
pwrlaw,0.00,2.62,0.10000,0.00000,0.32466
pwrlaw,0.00,2.62,0.10000,0.00000,0.32769
pwrlaw,0.00,2.62,0.10000,0.00000,0.25638
pwrlaw,0.00,3.00,0.10000,0.00000,0.34253
pwrlaw,0.00,3.00,0.10000,0.00000,0.23217
pwrlaw,0.00,3.00,0.10000,0.00000,0.25378
pwrlaw,0.00,3.00,0.10000,0.00000,0.27433
pwrlaw,0.00,3.00,0.10000,0.00000,0.29929
pwrlaw,0.05,1.50,0.10994,0.03169,0.78778
pwrlaw,0.05,1.50,0.10802,0.02338,0.68465
pwrlaw,0.05,1.50,0.11212,0.03749,0.92386
pwrlaw,0.05,1.50,0.11220,0.03915,0.65779
pwrlaw,0.05,1.50,0.12012,0.05496,0.91144
pwrlaw,0.05,1.88,0.10955,0.02562,0.74770
pwrlaw,0.05,1.88,0.10375,0.01248,0.50031
pwrlaw,0.05,1.88,0.11104,0.03446,0.82282
pwrlaw,0.05,1.88,0.10855,0.03488,0.65452
pwrlaw,0.05,1.88,0.10861,0.03005,0.71725
pwrlaw,0.05,2.25,0.10840,0.02968,0.60871
pwrlaw,0.05,2.25,0.10544,0.01918,0.48582
pwrlaw,0.05,2.25,0.10866,0.02764,0.73284
pwrlaw,0.05,2.25,0.10530,0.01907,0.67348
pwrlaw,0.05,2.25,0.11022,0.04184,0.63179
pwrlaw,0.05,2.62,0.10552,0.02218,0.51957
pwrlaw,0.05,2.62,0.10682,0.02494,0.49082
pwrlaw,0.05,2.62,0.10791,0.03374,0.55277
pwrlaw,0.05,2.62,0.10764,0.02885,0.60446
pwrlaw,0.05,2.62,0.10294,0.01174,0.44366
pwrlaw,0.05,3.00,0.10672,0.02609,0.60437
pwrlaw,0.05,3.00,0.10438,0.01795,0.43870
pwrlaw,0.05,3.00,0.10441,0.01991,0.39468
pwrlaw,0.05,3.00,0.10078,0.00250,0.34485
pwrlaw,0.05,3.00,0.10588,0.02410,0.37792
pwrlaw,0.11,1.50,0.11923,0.04621,0.89497
pwrlaw,0.11,1.50,0.12222,0.05851,0.91023
pwrlaw,0.11,1.50,0.13000,0.07214,0.94500
pwrlaw,0.11,1.50,0.12606,0.08579,0.99394
pwrlaw,0.11,1.50,0.11807,0.04744,0.85644
pwrlaw,0.11,1.88,0.11800,0.07028,0.72764
pwrlaw,0.11,1.88,0.12685,0.09125,0.85384
pwrlaw,0.11,1.88,0.11800,0.05538,0.73742
pwrlaw,0.11,1.88,0.12649,0.08285,0.92882
pwrlaw,0.11,1.88,0.11818,0.05445,0.89366
pwrlaw,0.11,2.25,0.12329,0.08453,0.93948
pwrlaw,0.11,2.25,0.10643,0.02559,0.61347
pwrlaw,0.11,2.25,0.11655,0.05840,0.73019
pwrlaw,0.11,2.25,0.11481,0.06454,0.81946
pwrlaw,0.11,2.25,0.11556,0.05588,0.77278
pwrlaw,0.11,2.62,0.11190,0.04431,0.73091
pwrlaw,0.11,2.62,0.11314,0.04635,0.76360
pwrlaw,0.11,2.62,0.11348,0.05046,0.61878
pwrlaw,0.11,2.62,0.12391,0.09147,0.70416
pwrlaw,0.11,2.62,0.11353,0.05148,0.73051
pwrlaw,0.11,3.00,0.11103,0.04558,0.50173
pwrlaw,0.11,3.00,0.11298,0.05315,0.48051
pwrlaw,0.11,3.00,0.10896,0.03711,0.48753
pwrlaw,0.11,3.00,0.10645,0.02363,0.50390
pwrlaw,0.11,3.00,0.11343,0.05438,0.55569
pwrlaw,0.16,1.50,0.12515,0.08093,0.96963
pwrlaw,0.16,1.50,0.13095,0.09944,0.99405
pwrlaw,0.16,1.50,0.15099,0.15412,0.99338
pwrlaw,0.16,1.50,0.12922,0.08275,0.93068
pwrlaw,0.16,1.50,0.11576,0.06488,0.94634
pwrlaw,0.16,1.88,0.11887,0.06547,0.86270
pwrlaw,0.16,1.88,0.12244,0.06795,0.99359
pwrlaw,0.16,1.88,0.12194,0.07853,0.83688
pwrlaw,0.16,1.88,0.12733,0.09193,0.86355
pwrlaw,0.16,1.88,0.12767,0.09530,0.87330
pwrlaw,0.16,2.25,0.12117,0.08126,0.63285
pwrlaw,0.16,2.25,0.12199,0.07431,0.80771
pwrlaw,0.16,2.25,0.11757,0.05975,0.87683
pwrlaw,0.16,2.25,0.11631,0.05436,0.79513
pwrlaw,0.16,2.25,0.11575,0.05267,0.91359
pwrlaw,0.16,2.62,0.11908,0.07817,0.83340
pwrlaw,0.16,2.62,0.11259,0.05297,0.68587
pwrlaw,0.16,2.62,0.11940,0.07154,0.74471
pwrlaw,0.16,2.62,0.11799,0.06429,0.69500
pwrlaw,0.16,2.62,0.11250,0.04749,0.69174
pwrlaw,0.16,3.00,0.11406,0.05614,0.64526
pwrlaw,0.16,3.00,0.11690,0.06142,0.72228
pwrlaw,0.16,3.00,0.11818,0.07285,0.54054
pwrlaw,0.16,3.00,0.11167,0.04806,0.68972
pwrlaw,0.16,3.00,0.11579,0.05704,0.66211
pwrlaw,0.21,1.50,0.16235,0.17583,0.99383
pwrlaw,0.21,1.50,0.13012,0.10541,0.81376
pwrlaw,0.21,1.50,0.12963,0.10106,0.86587
pwrlaw,0.21,1.50,0.13642,0.12083,0.94566
pwrlaw,0.21,1.50,0.13910,0.12551,0.94362
pwrlaw,0.21,1.88,0.12857,0.09227,0.89400
pwrlaw,0.21,1.88,0.13571,0.12111,0.96469
pwrlaw,0.21,1.88,0.13497,0.11710,0.92494
pwrlaw,0.21,1.88,0.13793,0.11851,0.91377
pwrlaw,0.21,1.88,0.12752,0.09162,0.94104
pwrlaw,0.21,2.25,0.12273,0.08513,0.93320
pwrlaw,0.21,2.25,0.11748,0.06671,0.73676
pwrlaw,0.21,2.25,0.13094,0.10200,0.96444
pwrlaw,0.21,2.25,0.12448,0.09412,0.92494
pwrlaw,0.21,2.25,0.12624,0.09434,0.78316
pwrlaw,0.21,2.62,0.12721,0.09747,0.81218
pwrlaw,0.21,2.62,0.13258,0.11437,0.73152
pwrlaw,0.21,2.62,0.13388,0.12691,0.81989
pwrlaw,0.21,2.62,0.12290,0.08461,0.84715
pwrlaw,0.21,2.62,0.12481,0.09542,0.82232
pwrlaw,0.21,3.00,0.12109,0.08133,0.73401
pwrlaw,0.21,3.00,0.11679,0.06776,0.64006
pwrlaw,0.21,3.00,0.11855,0.07199,0.71319
pwrlaw,0.21,3.00,0.12847,0.11566,0.76232
pwrlaw,0.21,3.00,0.12279,0.08797,0.57299
pwrlaw,0.26,1.50,0.14808,0.13551,0.96828
pwrlaw,0.26,1.50,0.14815,0.14957,0.95748
pwrlaw,0.26,1.50,0.14367,0.13037,0.99367
pwrlaw,0.26,1.50,0.12781,0.10260,0.80795
pwrlaw,0.26,1.50,0.14204,0.14032,0.94397
pwrlaw,0.26,1.88,0.13816,0.12531,0.99342
pwrlaw,0.26,1.88,0.13810,0.13081,0.83891
pwrlaw,0.26,1.88,0.15172,0.16413,0.99310
pwrlaw,0.26,1.88,0.13851,0.13278,0.95352
pwrlaw,0.26,1.88,0.12839,0.10008,0.89390
pwrlaw,0.26,2.25,0.13212,0.10611,0.90799
pwrlaw,0.26,2.25,0.12971,0.09418,0.90874
pwrlaw,0.26,2.25,0.14228,0.15498,0.91527
pwrlaw,0.26,2.25,0.13028,0.09587,0.78387
pwrlaw,0.26,2.25,0.13453,0.11941,0.93649
pwrlaw,0.26,2.62,0.12761,0.10447,0.74426
pwrlaw,0.26,2.62,0.13130,0.12008,0.71336
pwrlaw,0.26,2.62,0.12847,0.09893,0.75049
pwrlaw,0.26,2.62,0.12993,0.11225,0.89467
pwrlaw,0.26,2.62,0.13043,0.11400,0.85455
pwrlaw,0.26,3.00,0.12500,0.10678,0.76074
pwrlaw,0.26,3.00,0.12734,0.08961,0.70740
pwrlaw,0.26,3.00,0.12857,0.10645,0.77110
pwrlaw,0.26,3.00,0.13256,0.11877,0.74875
pwrlaw,0.26,3.00,0.11654,0.06879,0.58193
pwrlaw,0.32,1.50,0.16266,0.18361,0.99367
pwrlaw,0.32,1.50,0.16026,0.16998,0.99359
pwrlaw,0.32,1.50,0.14103,0.13695,0.89464
pwrlaw,0.32,1.50,0.15472,0.16501,0.99371
pwrlaw,0.32,1.50,0.17284,0.19928,0.96944
pwrlaw,0.32,1.88,0.15177,0.15784,0.99291
pwrlaw,0.32,1.88,0.13400,0.10907,0.90329
pwrlaw,0.32,1.88,0.14795,0.14728,0.90092
pwrlaw,0.32,1.88,0.15396,0.17281,0.99281
pwrlaw,0.32,1.88,0.14662,0.15625,0.92741
pwrlaw,0.32,2.25,0.14247,0.15127,0.87521
pwrlaw,0.32,2.25,0.15070,0.16002,0.99296
pwrlaw,0.32,2.25,0.13497,0.12167,0.87271
pwrlaw,0.32,2.25,0.13873,0.13702,0.84527
pwrlaw,0.32,2.25,0.15985,0.17604,0.99270
pwrlaw,0.32,2.62,0.13609,0.12298,0.87670
pwrlaw,0.32,2.62,0.13259,0.13097,0.77235
pwrlaw,0.32,2.62,0.14286,0.16496,0.82198
pwrlaw,0.32,2.62,0.13942,0.14519,0.88017
pwrlaw,0.32,2.62,0.12836,0.10424,0.77022
pwrlaw,0.32,3.00,0.13577,0.13747,0.77996
pwrlaw,0.32,3.00,0.13650,0.14448,0.77692
pwrlaw,0.32,3.00,0.12203,0.09256,0.48133
pwrlaw,0.32,3.00,0.13000,0.11183,0.69056
pwrlaw,0.32,3.00,0.13125,0.12473,0.69409
pwrlaw,0.37,1.50,0.15782,0.20396,0.90138
pwrlaw,0.37,1.50,0.17643,0.22390,0.99363
pwrlaw,0.37,1.50,0.16755,0.18198,0.96724
pwrlaw,0.37,1.50,0.15886,0.19607,0.96867
pwrlaw,0.37,1.50,0.16358,0.20699,0.96724
pwrlaw,0.37,1.88,0.15328,0.15776,0.99270
pwrlaw,0.37,1.88,0.15442,0.18184,0.99320
pwrlaw,0.37,1.88,0.15510,0.16927,0.99320
pwrlaw,0.37,1.88,0.15586,0.17910,0.93907
pwrlaw,0.37,1.88,0.15695,0.16865,0.96724
pwrlaw,0.37,2.25,0.13759,0.12925,0.84889
pwrlaw,0.37,2.25,0.14000,0.13630,0.80500
pwrlaw,0.37,2.25,0.14552,0.16396,0.99254
pwrlaw,0.37,2.25,0.13333,0.11620,0.82403
pwrlaw,0.37,2.25,0.14681,0.15281,0.85831
pwrlaw,0.37,2.62,0.15259,0.18813,0.92060
pwrlaw,0.37,2.62,0.14146,0.15753,0.92842
pwrlaw,0.37,2.62,0.13750,0.12776,0.96143
pwrlaw,0.37,2.62,0.13788,0.14014,0.83414
pwrlaw,0.37,2.62,0.14173,0.13991,0.90896
pwrlaw,0.37,3.00,0.13583,0.13608,0.87958
pwrlaw,0.37,3.00,0.14113,0.15035,0.83897
pwrlaw,0.37,3.00,0.13101,0.12147,0.69876
pwrlaw,0.37,3.00,0.14797,0.18036,0.89748
pwrlaw,0.37,3.00,0.13040,0.12432,0.69018
pwrlaw,0.42,1.50,0.19752,0.23530,0.99379
pwrlaw,0.42,1.50,0.17564,0.24144,0.99359
pwrlaw,0.42,1.50,0.19367,0.24503,0.99367
pwrlaw,0.42,1.50,0.17987,0.23167,0.99351
pwrlaw,0.42,1.50,0.15695,0.19041,0.94180
pwrlaw,0.42,1.88,0.15800,0.18161,0.99333
pwrlaw,0.42,1.88,0.18333,0.22062,0.96566
pwrlaw,0.42,1.88,0.16507,0.19407,0.99315
pwrlaw,0.42,1.88,0.15106,0.17003,0.93738
pwrlaw,0.42,1.88,0.16490,0.21151,0.89128
pwrlaw,0.42,2.25,0.14892,0.17227,0.86900
pwrlaw,0.42,2.25,0.14748,0.15069,0.88215
pwrlaw,0.42,2.25,0.14710,0.16451,0.88227
pwrlaw,0.42,2.25,0.15368,0.17487,0.96367
pwrlaw,0.42,2.25,0.16377,0.21434,0.96419
pwrlaw,0.42,2.62,0.14186,0.14771,0.77519
pwrlaw,0.42,2.62,0.13740,0.14014,0.79410
pwrlaw,0.42,2.62,0.14711,0.17818,0.92726
pwrlaw,0.42,2.62,0.14385,0.15258,0.87432
pwrlaw,0.42,2.62,0.15349,0.19830,0.90259
pwrlaw,0.42,3.00,0.14878,0.17528,0.77903
pwrlaw,0.42,3.00,0.14032,0.14081,0.72542
pwrlaw,0.42,3.00,0.13471,0.13298,0.84994
pwrlaw,0.42,3.00,0.14737,0.17947,0.76285
pwrlaw,0.42,3.00,0.13821,0.15307,0.79358
pwrlaw,0.47,1.50,0.15570,0.16469,0.96680
pwrlaw,0.47,1.50,0.17826,0.23175,0.99379
pwrlaw,0.47,1.50,0.17813,0.23652,0.99375
pwrlaw,0.47,1.50,0.16768,0.22771,0.94601
pwrlaw,0.47,1.50,0.20261,0.28206,0.99346
pwrlaw,0.47,1.88,0.17613,0.22500,0.94293
pwrlaw,0.47,1.88,0.14857,0.15570,0.95092
pwrlaw,0.47,1.88,0.16667,0.20018,0.96419
pwrlaw,0.47,1.88,0.16806,0.20150,0.96566
pwrlaw,0.47,1.88,0.16642,0.22437,0.99270
pwrlaw,0.47,2.25,0.15373,0.16209,0.87792
pwrlaw,0.47,2.25,0.16279,0.20495,0.93167
pwrlaw,0.47,2.25,0.15985,0.20429,0.84814
pwrlaw,0.47,2.25,0.15664,0.18161,0.84630
pwrlaw,0.47,2.25,0.15912,0.19072,0.82690
pwrlaw,0.47,2.62,0.15289,0.20389,0.89584
pwrlaw,0.47,2.62,0.15891,0.21381,0.93167
pwrlaw,0.47,2.62,0.14298,0.13990,0.85703
pwrlaw,0.47,2.62,0.14436,0.16260,0.77031
pwrlaw,0.47,2.62,0.14453,0.16482,0.88684
pwrlaw,0.47,3.00,0.13016,0.11928,0.81267
pwrlaw,0.47,3.00,0.13869,0.14088,0.80058
pwrlaw,0.47,3.00,0.14380,0.17290,0.85049
pwrlaw,0.47,3.00,0.14959,0.19399,0.64591
pwrlaw,0.47,3.00,0.15111,0.18060,0.93465
pwrlaw,0.53,1.50,0.19747,0.23609,0.96867
pwrlaw,0.53,1.50,0.17391,0.24813,0.93361
pwrlaw,0.53,1.50,0.18219,0.25290,0.93986
pwrlaw,0.53,1.50,0.18553,0.24385,0.99342
pwrlaw,0.53,1.50,0.17278,0.22606,0.99367
pwrlaw,0.53,1.88,0.14400,0.14865,0.76851
pwrlaw,0.53,1.88,0.16429,0.19306,0.92398
pwrlaw,0.53,1.88,0.19097,0.26202,0.99306
pwrlaw,0.53,1.88,0.16552,0.19967,0.96590
pwrlaw,0.53,1.88,0.17943,0.26650,0.96494
pwrlaw,0.53,2.25,0.15571,0.17833,0.90959
pwrlaw,0.53,2.25,0.16080,0.19683,0.99200
pwrlaw,0.53,2.25,0.14545,0.14899,0.91885
pwrlaw,0.53,2.25,0.16761,0.24200,0.93781
pwrlaw,0.53,2.25,0.15969,0.20367,0.96172
pwrlaw,0.53,2.62,0.15496,0.20259,0.90356
pwrlaw,0.53,2.62,0.14480,0.14748,0.86912
pwrlaw,0.53,2.62,0.15289,0.16837,0.92726
pwrlaw,0.53,2.62,0.14809,0.15891,0.84704
pwrlaw,0.53,2.62,0.15649,0.18330,0.91824
pwrlaw,0.53,3.00,0.13333,0.12682,0.75127
pwrlaw,0.53,3.00,0.13588,0.13442,0.73888
pwrlaw,0.53,3.00,0.14874,0.16848,0.86279
pwrlaw,0.53,3.00,0.15044,0.17008,0.73099
pwrlaw,0.53,3.00,0.14530,0.16303,0.71064
pwrlaw,0.58,1.50,0.18481,0.25476,0.96867
pwrlaw,0.58,1.50,0.19935,0.28921,0.99351
pwrlaw,0.58,1.50,0.21975,0.30176,0.99363
pwrlaw,0.58,1.50,0.20370,0.28186,0.99383
pwrlaw,0.58,1.50,0.17132,0.23912,0.96172
pwrlaw,0.58,1.88,0.17419,0.21828,0.96807
pwrlaw,0.58,1.88,0.17372,0.23133,0.94986
pwrlaw,0.58,1.88,0.17778,0.24618,0.99306
pwrlaw,0.58,1.88,0.16531,0.22323,0.96636
pwrlaw,0.58,1.88,0.18194,0.23736,0.91242
pwrlaw,0.58,2.25,0.17302,0.25321,0.85614
pwrlaw,0.58,2.25,0.16642,0.23180,0.93417
pwrlaw,0.58,2.25,0.17188,0.22469,0.88684
pwrlaw,0.58,2.25,0.16940,0.21699,0.83716
pwrlaw,0.58,2.25,0.16512,0.21705,0.93167
pwrlaw,0.58,2.62,0.14758,0.17115,0.78122
pwrlaw,0.58,2.62,0.14924,0.17621,0.86191
pwrlaw,0.58,2.62,0.16218,0.21945,0.95855
pwrlaw,0.58,2.62,0.15868,0.20088,0.92726
pwrlaw,0.58,2.62,0.15246,0.17815,0.76364
pwrlaw,0.58,3.00,0.15214,0.18448,0.72467
pwrlaw,0.58,3.00,0.14083,0.15335,0.84875
pwrlaw,0.58,3.00,0.14685,0.16698,0.75692
pwrlaw,0.58,3.00,0.14386,0.16398,0.74838
pwrlaw,0.58,3.00,0.13423,0.12316,0.66894
pwrlaw,0.63,1.50,0.19608,0.28835,0.99346
pwrlaw,0.63,1.50,0.19675,0.23218,0.99351
pwrlaw,0.63,1.50,0.18776,0.28649,0.96636
pwrlaw,0.63,1.50,0.16225,0.20752,0.94145
pwrlaw,0.63,1.50,0.19178,0.29388,0.96613
pwrlaw,0.63,1.88,0.18074,0.25867,0.99259
pwrlaw,0.63,1.88,0.17568,0.23565,0.95352
pwrlaw,0.63,1.88,0.16871,0.21015,0.94026
pwrlaw,0.63,1.88,0.18601,0.24129,0.99301
pwrlaw,0.63,1.88,0.18435,0.22533,0.99320
pwrlaw,0.63,2.25,0.15194,0.17800,0.85884
pwrlaw,0.63,2.25,0.18030,0.27268,0.93320
pwrlaw,0.63,2.25,0.16812,0.23624,0.89477
pwrlaw,0.63,2.25,0.17068,0.23593,0.86336
pwrlaw,0.63,2.25,0.17368,0.22063,0.96286
pwrlaw,0.63,2.62,0.15120,0.18945,0.76902
pwrlaw,0.63,2.62,0.15814,0.19657,0.80260
pwrlaw,0.63,2.62,0.16167,0.21409,0.87958
pwrlaw,0.63,2.62,0.15556,0.19782,0.96082
pwrlaw,0.63,2.62,0.15902,0.22159,0.86657
pwrlaw,0.63,3.00,0.15833,0.20828,0.81636
pwrlaw,0.63,3.00,0.16410,0.23896,0.99145
pwrlaw,0.63,3.00,0.16639,0.22468,0.79334
pwrlaw,0.63,3.00,0.15278,0.19581,0.76766
pwrlaw,0.63,3.00,0.14454,0.16482,0.78709
pwrlaw,0.68,1.50,0.21321,0.30003,0.99371
pwrlaw,0.68,1.50,0.21563,0.29683,0.99375
pwrlaw,0.68,1.50,0.20000,0.31879,0.99363
pwrlaw,0.68,1.50,0.20617,0.30229,0.96944
pwrlaw,0.68,1.50,0.20701,0.28567,0.99363
pwrlaw,0.68,1.88,0.19392,0.29153,0.99324
pwrlaw,0.68,1.88,0.18707,0.24245,0.96636
pwrlaw,0.68,1.88,0.17917,0.25718,0.96566
pwrlaw,0.68,1.88,0.17970,0.25113,0.93369
pwrlaw,0.68,1.88,0.18207,0.23039,0.93907
pwrlaw,0.68,2.25,0.17407,0.23337,0.79791
pwrlaw,0.68,2.25,0.16718,0.23022,0.84704
pwrlaw,0.68,2.25,0.16250,0.19830,0.90701
pwrlaw,0.68,2.25,0.17043,0.24586,0.95713
pwrlaw,0.68,2.25,0.17068,0.21925,0.87670
pwrlaw,0.68,2.62,0.15391,0.19010,0.82647
pwrlaw,0.68,2.62,0.16238,0.21664,0.85796
pwrlaw,0.68,2.62,0.17105,0.25552,0.93998
pwrlaw,0.68,2.62,0.15583,0.20562,0.91097
pwrlaw,0.68,2.62,0.15417,0.17247,0.95889
pwrlaw,0.68,3.00,0.15263,0.18961,0.82548
pwrlaw,0.68,3.00,0.15372,0.18598,0.86497
pwrlaw,0.68,3.00,0.14818,0.17536,0.99091
pwrlaw,0.68,3.00,0.16847,0.23898,0.80562
pwrlaw,0.68,3.00,0.14522,0.15980,0.87456
pwrlaw,0.74,1.50,0.22244,0.33937,0.99359
pwrlaw,0.74,1.50,0.22611,0.33210,0.99363
pwrlaw,0.74,1.50,0.22273,0.30971,0.96787
pwrlaw,0.74,1.50,0.19568,0.30903,0.96444
pwrlaw,0.74,1.50,0.22063,0.29010,0.96906
pwrlaw,0.74,1.88,0.18643,0.28213,0.96469
pwrlaw,0.74,1.88,0.18138,0.26625,0.96590
pwrlaw,0.74,1.88,0.17402,0.23142,0.93062
pwrlaw,0.74,1.88,0.18897,0.24078,0.96590
pwrlaw,0.74,1.88,0.18671,0.27396,0.93824
pwrlaw,0.74,2.25,0.18760,0.25901,0.93167
pwrlaw,0.74,2.25,0.15734,0.19076,0.93824
pwrlaw,0.74,2.25,0.17121,0.23166,0.93320
pwrlaw,0.74,2.25,0.16370,0.19463,0.96340
pwrlaw,0.74,2.25,0.19016,0.26444,0.99180
pwrlaw,0.74,2.62,0.16525,0.21457,0.90951
pwrlaw,0.74,2.62,0.16460,0.22226,0.82497
pwrlaw,0.74,2.62,0.16210,0.20477,0.91376
pwrlaw,0.74,2.62,0.16260,0.21220,0.85439
pwrlaw,0.74,2.62,0.17434,0.24734,0.83985
pwrlaw,0.74,3.00,0.15094,0.19101,0.88163
pwrlaw,0.74,3.00,0.15739,0.19189,0.85822
pwrlaw,0.74,3.00,0.16466,0.22998,0.85939
pwrlaw,0.74,3.00,0.15086,0.19105,0.82788
pwrlaw,0.74,3.00,0.14872,0.17268,0.90876
pwrlaw,0.79,1.50,0.23478,0.31540,0.99379
pwrlaw,0.79,1.50,0.20333,0.28394,0.99333
pwrlaw,0.79,1.50,0.21847,0.31854,0.99363
pwrlaw,0.79,1.50,0.23121,0.31073,0.99363
pwrlaw,0.79,1.50,0.20566,0.29737,0.99371
pwrlaw,0.79,1.88,0.18811,0.25606,0.93824
pwrlaw,0.79,1.88,0.18592,0.25972,0.96519
pwrlaw,0.79,1.88,0.20612,0.31326,0.93989
pwrlaw,0.79,1.88,0.18815,0.25350,0.99259
pwrlaw,0.79,1.88,0.17786,0.22097,0.96469
pwrlaw,0.79,2.25,0.16885,0.21647,0.95955
pwrlaw,0.79,2.25,0.17008,0.22227,0.99213
pwrlaw,0.79,2.25,0.17571,0.24550,0.93694
pwrlaw,0.79,2.25,0.16000,0.19247,0.99167
pwrlaw,0.79,2.25,0.17090,0.23150,0.92003
pwrlaw,0.79,2.62,0.16466,0.22799,0.84379
pwrlaw,0.79,2.62,0.15462,0.19763,0.92606
pwrlaw,0.79,2.62,0.17632,0.26562,0.93998
pwrlaw,0.79,2.62,0.15294,0.19222,0.77212
pwrlaw,0.79,2.62,0.16719,0.22949,0.90137
pwrlaw,0.79,3.00,0.16154,0.21213,0.82928
pwrlaw,0.79,3.00,0.17521,0.24103,0.87720
pwrlaw,0.79,3.00,0.15648,0.20002,0.95439
pwrlaw,0.79,3.00,0.15676,0.20298,0.85383
pwrlaw,0.79,3.00,0.15398,0.18783,0.88871
pwrlaw,0.84,1.50,0.21509,0.30576,0.96887
pwrlaw,0.84,1.50,0.18421,0.27137,0.96745
pwrlaw,0.84,1.50,0.18112,0.25931,0.74693
pwrlaw,0.84,1.50,0.15852,0.19010,0.70947
pwrlaw,0.84,1.50,0.20844,0.28790,0.99351
pwrlaw,0.84,1.88,0.18865,0.27805,0.99291
pwrlaw,0.84,1.88,0.20290,0.29558,0.99275
pwrlaw,0.84,1.88,0.17075,0.24160,0.96636
pwrlaw,0.84,1.88,0.20647,0.25522,0.99281
pwrlaw,0.84,1.88,0.18951,0.28081,0.95193
pwrlaw,0.84,2.25,0.17744,0.25792,0.99248
pwrlaw,0.84,2.25,0.17895,0.23792,0.99248
pwrlaw,0.84,2.25,0.16692,0.22178,0.90497
pwrlaw,0.84,2.25,0.18231,0.24546,0.90284
pwrlaw,0.84,2.25,0.17652,0.24845,0.99242
pwrlaw,0.84,2.62,0.17895,0.26154,0.85703
pwrlaw,0.84,2.62,0.19035,0.28530,0.99123
pwrlaw,0.84,2.62,0.17328,0.24180,0.90800
pwrlaw,0.84,2.62,0.15583,0.18397,0.83389
pwrlaw,0.84,2.62,0.17302,0.23890,0.90035
pwrlaw,0.84,3.00,0.15391,0.18470,0.96143
pwrlaw,0.84,3.00,0.16053,0.20466,0.87350
pwrlaw,0.84,3.00,0.14112,0.15795,0.70190
pwrlaw,0.84,3.00,0.15897,0.21409,0.82928
pwrlaw,0.84,3.00,0.14483,0.15883,0.70898
pwrlaw,0.89,1.50,0.20828,0.29637,0.99363
pwrlaw,0.89,1.50,0.20132,0.29846,0.85500
pwrlaw,0.89,1.50,0.19000,0.29596,0.89500
pwrlaw,0.89,1.50,0.22803,0.34489,0.94365
pwrlaw,0.89,1.50,0.20878,0.28043,0.94028
pwrlaw,0.89,1.88,0.20915,0.28907,0.99296
pwrlaw,0.89,1.88,0.19320,0.27237,0.99320
pwrlaw,0.89,1.88,0.18750,0.25170,0.89327
pwrlaw,0.89,1.88,0.19118,0.26913,0.99265
pwrlaw,0.89,1.88,0.20000,0.28467,0.99281
pwrlaw,0.89,2.25,0.20076,0.29852,0.91824
pwrlaw,0.89,2.25,0.17025,0.22881,0.89584
pwrlaw,0.89,2.25,0.18106,0.25929,0.96258
pwrlaw,0.89,2.25,0.17109,0.21330,0.99219
pwrlaw,0.89,2.25,0.17857,0.25349,0.93008
pwrlaw,0.89,2.62,0.16522,0.21617,0.73543
pwrlaw,0.89,2.62,0.15966,0.20138,0.77254
pwrlaw,0.89,2.62,0.16204,0.21533,0.84945
pwrlaw,0.89,2.62,0.17207,0.22006,0.92087
pwrlaw,0.89,2.62,0.17345,0.23473,0.92223
pwrlaw,0.89,3.00,0.16036,0.21662,0.92087
pwrlaw,0.89,3.00,0.16216,0.19876,0.87022
pwrlaw,0.89,3.00,0.15254,0.17442,0.86225
pwrlaw,0.89,3.00,0.15763,0.21568,0.75754
pwrlaw,0.89,3.00,0.16168,0.20977,0.79850
pwrlaw,0.95,1.50,0.21529,0.27871,0.99363
pwrlaw,0.95,1.50,0.19346,0.24624,0.90478
pwrlaw,0.95,1.50,0.21484,0.28696,0.96807
pwrlaw,0.95,1.50,0.23553,0.32189,0.99342
pwrlaw,0.95,1.50,0.18806,0.27738,0.84997
pwrlaw,0.95,1.88,0.20145,0.25787,0.96419
pwrlaw,0.95,1.88,0.22162,0.33492,0.96658
pwrlaw,0.95,1.88,0.19524,0.25952,0.96636
pwrlaw,0.95,1.88,0.20074,0.29563,0.99259
pwrlaw,0.95,1.88,0.20515,0.30750,0.99265
pwrlaw,0.95,2.25,0.17829,0.25203,0.99225
pwrlaw,0.95,2.25,0.18833,0.25903,0.99167
pwrlaw,0.95,2.25,0.17500,0.24282,0.96143
pwrlaw,0.95,2.25,0.18306,0.24201,0.96020
pwrlaw,0.95,2.25,0.18065,0.25735,0.96020
pwrlaw,0.95,2.62,0.15385,0.16821,0.89298
pwrlaw,0.95,2.62,0.17131,0.22959,0.86603
pwrlaw,0.95,2.62,0.18661,0.28196,0.92156
pwrlaw,0.95,2.62,0.17672,0.25735,0.95749
pwrlaw,0.95,2.62,0.17411,0.23749,0.92156
pwrlaw,0.95,3.00,0.15962,0.20656,0.74316
pwrlaw,0.95,3.00,0.16000,0.19528,0.88054
pwrlaw,0.95,3.00,0.15648,0.19532,0.83282
pwrlaw,0.95,3.00,0.16609,0.21171,0.92355
pwrlaw,0.95,3.00,0.16731,0.21693,0.91568
pwrlaw,1.00,1.50,0.16333,0.22950,0.82987
pwrlaw,1.00,1.50,0.19044,0.28655,0.96367
pwrlaw,1.00,1.50,0.16948,0.24863,0.81059
pwrlaw,1.00,1.50,0.21161,0.34983,0.99355
pwrlaw,1.00,1.50,0.21392,0.29586,0.99367
pwrlaw,1.00,1.88,0.19362,0.26558,0.93738
pwrlaw,1.00,1.88,0.18993,0.26776,0.99281
pwrlaw,1.00,1.88,0.17626,0.22371,0.99281
pwrlaw,1.00,1.88,0.19650,0.25860,0.99301
pwrlaw,1.00,1.88,0.16794,0.25400,0.79203
pwrlaw,1.00,2.25,0.17724,0.25068,0.85227
pwrlaw,1.00,2.25,0.18550,0.26515,0.99237
pwrlaw,1.00,2.25,0.19194,0.26263,0.92898
pwrlaw,1.00,2.25,0.17538,0.21723,0.93219
pwrlaw,1.00,2.25,0.18618,0.25936,0.94428
pwrlaw,1.00,2.62,0.17619,0.25713,0.88511
pwrlaw,1.00,2.62,0.15752,0.18467,0.85582
pwrlaw,1.00,2.62,0.16721,0.20283,0.86603
pwrlaw,1.00,2.62,0.18850,0.27133,0.99115
pwrlaw,1.00,2.62,0.15789,0.18706,0.90643
pwrlaw,1.00,3.00,0.15094,0.17237,0.79601
pwrlaw,1.00,3.00,0.16364,0.21751,0.88579
pwrlaw,1.00,3.00,0.16636,0.21450,0.88579
pwrlaw,1.00,3.00,0.17064,0.23913,0.91945
pwrlaw,1.00,3.00,0.16250,0.21086,0.93893
